{"count":1,"self":141.1586048,"total":165.4259531,"children":{"InitializeActuators":{"count":128,"self":0.0059939,"total":0.0059939,"children":null},"InitializeSensors":{"count":128,"self":0.0199983,"total":0.080989499999999992,"children":{"CreateObservableSensors":{"count":128,"self":0.060991199999999995,"total":0.060991199999999995,"children":null}}},"AgentSendState":{"count":7932,"self":12.449684,"total":14.808897,"children":{"CollectObservations":{"count":270784,"self":0.55241719999999994,"total":0.55241719999999994,"children":null},"WriteActionMask":{"count":270784,"self":0.35373309999999997,"total":0.35373309999999997,"children":null},"RequestDecision":{"count":270784,"self":0.96796169999999992,"total":1.4530627,"children":{"RayPerceptionSensor.Perceive":{"count":266553,"self":0.485101,"total":0.485101,"children":null}}}}},"DecideAction":{"count":7932,"self":8.3885183999999988,"total":8.4105197,"children":{"RayPerceptionSensor.Perceive":{"count":4231,"self":0.022001299999999998,"total":0.022001299999999998,"children":null}}},"AgentAct":{"count":7932,"self":0.9589532,"total":0.9589532,"children":null}},"gauges":{"BossAgent.CumulativeReward":{"count":2,"max":-9.172317,"min":-11.1729164,"runningAverage":-10.172617,"value":-9.172317,"weightedAverage":-10.6727667}},"metadata":{"timer_format_version":"0.1.0","start_time_seconds":"1643049457","unity_version":"2020.3.20f1","command_line_arguments":"C:\\Program Files\\Unity\\Hub\\Editor\\2020.3.20f1\\Editor\\Unity.exe -projectpath E:\/RogueLike-Game-coding -useHub -hubIPC -cloudEnvironment production -hubSessionId 97d39e90-7d40-11ec-af53-79acf4247083 -accessToken EQSJiHA_vF-D8qXdnfkgH8yr3i-qhXhToTweIjs1Emc007f","communication_protocol_version":"1.5.0","com.unity.ml-agents_version":"2.0.0","scene_name":"BossScene","end_time_seconds":"1643049622"}}