{"count":1,"self":124.306496,"total":136.66382679999998,"children":{"InitializeActuators":{"count":2,"self":0.0050200999999999996,"total":0.0050200999999999996,"children":null},"InitializeSensors":{"count":2,"self":0.0082451,"total":0.014268099999999999,"children":{"CreateObservableSensors":{"count":2,"self":0.006023,"total":0.006023,"children":null}}},"AgentSendState":{"count":4332,"self":1.3273922999999999,"total":1.4284553,"children":{"CollectObservations":{"count":2311,"self":0.028298,"total":0.028298,"children":null},"WriteActionMask":{"count":2311,"self":0.0158975,"total":0.0158975,"children":null},"RequestDecision":{"count":2311,"self":0.056867499999999994,"total":0.056867499999999994,"children":null}}},"DecideAction":{"count":4332,"self":3.5351871999999998,"total":3.5488489999999997,"children":{"RayPerceptionSensor.Perceive":{"count":2311,"self":0.0136618,"total":0.0136618,"children":null}}},"AgentAct":{"count":4332,"self":6.7228544,"total":6.7228546,"children":null},"CreateObservableSensors":{"count":1115,"self":0.63487019999999994,"total":0.63487019999999994,"children":null}},"gauges":{"BossAgent.CumulativeReward":{"count":2,"max":-2.64302754,"min":-5.131022,"runningAverage":-3.88702488,"value":-2.64302754,"weightedAverage":-4.509023}},"metadata":{"timer_format_version":"0.1.0","start_time_seconds":"1643743052","unity_version":"2020.3.20f1","command_line_arguments":"C:\\Program Files\\Unity\\Hub\\Editor\\2020.3.20f1\\Editor\\Unity.exe -openfile C:\\Users\\40740\\Desktop\\An3Sem1\\JocuriCalc\\New folder\\RogueLike-Game-coding\\Assets\\Scenes\\BossScene.unity","communication_protocol_version":"1.5.0","com.unity.ml-agents_version":"2.0.0","scene_name":"BossScene","end_time_seconds":"1643743188"}}