{"count":1,"self":5.4432164,"total":5.5739120999999994,"children":{"InitializeActuators":{"count":128,"self":0.0019978,"total":0.0019978,"children":null},"InitializeSensors":{"count":128,"self":0.01803,"total":0.050608299999999995,"children":{"CreateObservableSensors":{"count":128,"self":0.0325783,"total":0.0325783,"children":null}}},"AgentSendState":{"count":28,"self":0.054083,"total":0.0651297,"children":{"CollectObservations":{"count":1024,"self":0.0020034,"total":0.0020034,"children":null},"WriteActionMask":{"count":1024,"self":0.00099399999999999987,"total":0.00099399999999999987,"children":null},"RequestDecision":{"count":1024,"self":0.0070491999999999994,"total":0.0080492999999999988,"children":{"RayPerceptionSensor.Perceive":{"count":1024,"self":0.0010000999999999999,"total":0.0010000999999999999,"children":null}}}}},"DecideAction":{"count":28,"self":0.008957,"total":0.008957,"children":null},"AgentAct":{"count":28,"self":0.0030031999999999997,"total":0.0030031999999999997,"children":null}},"gauges":{},"metadata":{"timer_format_version":"0.1.0","start_time_seconds":"1643319713","unity_version":"2020.3.20f1","command_line_arguments":"C:\\Program Files\\Unity\\Hub\\Editor\\2020.3.20f1\\Editor\\Unity.exe -projectpath E:\/RogueLike-Game-coding -useHub -hubIPC -cloudEnvironment production -hubSessionId 78819cc0-7fae-11ec-be5e-5b3c665eb8cf -accessToken AvW8-zstPTuC3OYHvR4_lTscrSoXG5OVhrpWLTV8bFw007f","communication_protocol_version":"1.5.0","com.unity.ml-agents_version":"2.0.0","scene_name":"BossScene","end_time_seconds":"1643319719"}}