{"count":1,"self":43.88688,"total":132.0483927,"children":{"InitializeActuators":{"count":128,"self":0.0060028999999999994,"total":0.0060028999999999994,"children":null},"InitializeSensors":{"count":128,"self":0.012998899999999999,"total":0.0640084,"children":{"CreateObservableSensors":{"count":128,"self":0.0510095,"total":0.0510095,"children":null}}},"AgentSendState":{"count":1235,"self":27.3399552,"total":27.961343499999998,"children":{"CollectObservations":{"count":42176,"self":0.19287569999999998,"total":0.19287569999999998,"children":null},"WriteActionMask":{"count":42176,"self":0.099389399999999989,"total":0.099389399999999989,"children":null},"RequestDecision":{"count":42176,"self":0.2645634,"total":0.3291247,"children":{"RayPerceptionSensor.Perceive":{"count":26615,"self":0.0645613,"total":0.0645613,"children":null}}}}},"DecideAction":{"count":1235,"self":2.0818285999999997,"total":2.1438603,"children":{"RayPerceptionSensor.Perceive":{"count":15561,"self":0.062031699999999995,"total":0.062031699999999995,"children":null}}},"AgentAct":{"count":1235,"self":57.879296,"total":57.8792967,"children":null},"CreateObservableSensors":{"count":157,"self":0.10400029999999999,"total":0.10400029999999999,"children":null},"RayPerceptionSensor.Perceive":{"count":8,"self":0,"total":0,"children":null}},"gauges":{"BossAgent.CumulativeReward":{"count":16,"max":1.34799862,"min":-8.975981,"runningAverage":-2.212876,"value":-4.709962,"weightedAverage":-2.746459}},"metadata":{"timer_format_version":"0.1.0","start_time_seconds":"1643657797","unity_version":"2020.3.20f1","command_line_arguments":"C:\\Program Files\\Unity\\Hub\\Editor\\2020.3.20f1\\Editor\\Unity.exe -openfile C:\\Users\\40740\\Desktop\\An3Sem1\\JocuriCalc\\New folder\\RogueLike-Game-coding\\Assets\\Scenes\\BossScene.unity","communication_protocol_version":"1.5.0","com.unity.ml-agents_version":"2.0.0","scene_name":"BossScene","end_time_seconds":"1643657928"}}