{
    "name": "root",
    "metadata": {
        "timer_format_version": "0.1.0",
        "start_time_seconds": "1643317642",
        "python_version": "3.7.4 (tags/v3.7.4:e09359112e, Jul  8 2019, 20:34:20) [MSC v.1916 64 bit (AMD64)]",
        "command_line_arguments": "C:\\Users\\radu_\\AppData\\Local\\Programs\\Python\\Python37\\lib\\site-packages\\mlagents\\trainers\\learn.py --force",
        "mlagents_version": "0.27.0",
        "mlagents_envs_version": "0.27.0",
        "communication_protocol_version": "1.5.0",
        "pytorch_version": "1.7.1+cu110",
        "numpy_version": "1.19.5",
        "end_time_seconds": "1643317696"
    },
    "total": 53.7882657,
    "count": 1,
    "self": 0.007743200000000172,
    "children": {
        "run_training.setup": {
            "total": 0.2135887999999999,
            "count": 1,
            "self": 0.2135887999999999
        },
        "TrainerController.start_learning": {
            "total": 53.5669337,
            "count": 1,
            "self": 0.03296079999989132,
            "children": {
                "TrainerController._reset_env": {
                    "total": 14.514327600000001,
                    "count": 1,
                    "self": 14.514327600000001
                },
                "TrainerController.advance": {
                    "total": 35.66119680000011,
                    "count": 1181,
                    "self": 0.03296509999996999,
                    "children": {
                        "env_step": {
                            "total": 35.323222600000115,
                            "count": 1181,
                            "self": 9.71860720000014,
                            "children": {
                                "SubprocessEnvManager._take_step": {
                                    "total": 25.586465900000018,
                                    "count": 1181,
                                    "self": 0.21615170000004724,
                                    "children": {
                                        "TorchPolicy.evaluate": {
                                            "total": 25.37031419999997,
                                            "count": 2362,
                                            "self": 3.905129000000109,
                                            "children": {
                                                "TorchPolicy.sample_actions": {
                                                    "total": 21.465185199999862,
                                                    "count": 2362,
                                                    "self": 21.465185199999862
                                                }
                                            }
                                        }
                                    }
                                },
                                "workers": {
                                    "total": 0.018149499999957186,
                                    "count": 1180,
                                    "self": 0.0,
                                    "children": {
                                        "worker_root": {
                                            "total": 42.731814500000034,
                                            "count": 1180,
                                            "is_parallel": true,
                                            "self": 34.8055982000001,
                                            "children": {
                                                "steps_from_proto": {
                                                    "total": 0.0010332000000010666,
                                                    "count": 2,
                                                    "is_parallel": true,
                                                    "self": 0.0005345000000014366,
                                                    "children": {
                                                        "_process_rank_one_or_two_observation": {
                                                            "total": 0.00049869999999963,
                                                            "count": 8,
                                                            "is_parallel": true,
                                                            "self": 0.00049869999999963
                                                        }
                                                    }
                                                },
                                                "UnityEnvironment.step": {
                                                    "total": 7.925183099999936,
                                                    "count": 1180,
                                                    "is_parallel": true,
                                                    "self": 0.15880570000017968,
                                                    "children": {
                                                        "UnityEnvironment._generate_step_input": {
                                                            "total": 0.12932500000007074,
                                                            "count": 1180,
                                                            "is_parallel": true,
                                                            "self": 0.12932500000007074
                                                        },
                                                        "communicator.exchange": {
                                                            "total": 6.867611599999899,
                                                            "count": 1180,
                                                            "is_parallel": true,
                                                            "self": 6.867611599999899
                                                        },
                                                        "steps_from_proto": {
                                                            "total": 0.7694407999997868,
                                                            "count": 2360,
                                                            "is_parallel": true,
                                                            "self": 0.42495949999967664,
                                                            "children": {
                                                                "_process_rank_one_or_two_observation": {
                                                                    "total": 0.3444813000001101,
                                                                    "count": 9440,
                                                                    "is_parallel": true,
                                                                    "self": 0.3444813000001101
                                                                }
                                                            }
                                                        }
                                                    }
                                                }
                                            }
                                        }
                                    }
                                }
                            }
                        },
                        "trainer_advance": {
                            "total": 0.30500910000003145,
                            "count": 1180,
                            "self": 0.04053639999986558,
                            "children": {
                                "process_trajectory": {
                                    "total": 0.2644727000001659,
                                    "count": 1180,